id,nombre,descripcion,activo
1,Registro_1,Descripcion del registro 1,true
2,Registro_2,Descripcion del registro 2,true
3,Registro_3,Descripcion del registro 3,true
4,Registro_4,Descripcion del registro 4,true
5,Registro_5,Descripcion del registro 5,true
6,Registro_6,Descripcion del registro 6,true
7,Registro_7,Descripcion del registro 7,true
8,Registro_8,Descripcion del registro 8,true
9,Registro_9,Descripcion del registro 9,true
10,Registro_10,Descripcion del registro 10,true
11,Registro_11,Descripcion del registro 11,true
12,Registro_12,Descripcion del registro 12,true
13,Registro_13,Descripcion del registro 13,true
14,Registro_14,Descripcion del registro 14,true
15,Registro_15,Descripcion del registro 15,true
16,Registro_16,Descripcion del registro 16,true
17,Registro_17,Descripcion del registro 17,true
18,Registro_18,Descripcion del registro 18,true
19,Registro_19,Descripcion del registro 19,true
20,Registro_20,Descripcion del registro 20,true
21,Registro_21,Descripcion del registro 21,true
22,Registro_22,Descripcion del registro 22,true
23,Registro_23,Descripcion del registro 23,true
24,Registro_24,Descripcion del registro 24,true
25,Registro_25,Descripcion del registro 25,true
26,Registro_26,Descripcion del registro 26,true
27,Registro_27,Descripcion del registro 27,true
28,Registro_28,Descripcion del registro 28,true
29,Registro_29,Descripcion del registro 29,true
30,Registro_30,Descripcion del registro 30,true
31,Registro_31,Descripcion del registro 31,true
32,Registro_32,Descripcion del registro 32,true
33,Registro_33,Descripcion del registro 33,true
34,Registro_34,Descripcion del registro 34,true
35,Registro_35,Descripcion del registro 35,true
36,Registro_36,Descripcion del registro 36,true
37,Registro_37,Descripcion del registro 37,true
38,Registro_38,Descripcion del registro 38,true
39,Registro_39,Descripcion del registro 39,true
40,Registro_40,Descripcion del registro 40,true
41,Registro_41,Descripcion del registro 41,true
42,Registro_42,Descripcion del registro 42,true
43,Registro_43,Descripcion del registro 43,true
44,Registro_44,Descripcion del registro 44,true
45,Registro_45,Descripcion del registro 45,true
46,Registro_46,Descripcion del registro 46,true
47,Registro_47,Descripcion del registro 47,true
48,Registro_48,Descripcion del registro 48,true
49,Registro_49,Descripcion del registro 49,true
50,Registro_50,Descripcion del registro 50,true
51,Registro_51,Descripcion del registro 51,true
52,Registro_52,Descripcion del registro 52,true
53,Registro_53,Descripcion del registro 53,true
54,Registro_54,Descripcion del registro 54,true
55,Registro_55,Descripcion del registro 55,true
56,Registro_56,Descripcion del registro 56,true
57,Registro_57,Descripcion del registro 57,true
58,Registro_58,Descripcion del registro 58,true
59,Registro_59,Descripcion del registro 59,true
60,Registro_60,Descripcion del registro 60,true
61,Registro_61,Descripcion del registro 61,true
62,Registro_62,Descripcion del registro 62,true
63,Registro_63,Descripcion del registro 63,true
64,Registro_64,Descripcion del registro 64,true
65,Registro_65,Descripcion del registro 65,true
66,Registro_66,Descripcion del registro 66,true
67,Registro_67,Descripcion del registro 67,true
68,Registro_68,Descripcion del registro 68,true
69,Registro_69,Descripcion del registro 69,true
70,Registro_70,Descripcion del registro 70,true
71,Registro_71,Descripcion del registro 71,true
72,Registro_72,Descripcion del registro 72,true
73,Registro_73,Descripcion del registro 73,true
74,Registro_74,Descripcion del registro 74,true
75,Registro_75,Descripcion del registro 75,true
76,Registro_76,Descripcion del registro 76,true
77,Registro_77,Descripcion del registro 77,true
78,Registro_78,Descripcion del registro 78,true
79,Registro_79,Descripcion del registro 79,true
80,Registro_80,Descripcion del registro 80,true
81,Registro_81,Descripcion del registro 81,true
82,Registro_82,Descripcion del registro 82,true
83,Registro_83,Descripcion del registro 83,true
84,Registro_84,Descripcion del registro 84,true
85,Registro_85,Descripcion del registro 85,true
86,Registro_86,Descripcion del registro 86,true
87,Registro_87,Descripcion del registro 87,true
88,Registro_88,Descripcion del registro 88,true
89,Registro_89,Descripcion del registro 89,true
90,Registro_90,Descripcion del registro 90,true
91,Registro_91,Descripcion del registro 91,true
92,Registro_92,Descripcion del registro 92,true
93,Registro_93,Descripcion del registro 93,true
94,Registro_94,Descripcion del registro 94,true
95,Registro_95,Descripcion del registro 95,true
96,Registro_96,Descripcion del registro 96,true
97,Registro_97,Descripcion del registro 97,true
98,Registro_98,Descripcion del registro 98,true
99,Registro_99,Descripcion del registro 99,true
100,Registro_100,Descripcion del registro 100,true
101,Registro_101,Descripcion del registro 101,true
102,Registro_102,Descripcion del registro 102,true
103,Registro_103,Descripcion del registro 103,true
104,Registro_104,Descripcion del registro 104,true
105,Registro_105,Descripcion del registro 105,true
106,Registro_106,Descripcion del registro 106,true
107,Registro_107,Descripcion del registro 107,true
108,Registro_108,Descripcion del registro 108,true
109,Registro_109,Descripcion del registro 109,true
110,Registro_110,Descripcion del registro 110,true
111,Registro_111,Descripcion del registro 111,true
112,Registro_112,Descripcion del registro 112,true
113,Registro_113,Descripcion del registro 113,true
114,Registro_114,Descripcion del registro 114,true
115,Registro_115,Descripcion del registro 115,true
116,Registro_116,Descripcion del registro 116,true
117,Registro_117,Descripcion del registro 117,true
118,Registro_118,Descripcion del registro 118,true
119,Registro_119,Descripcion del registro 119,true
120,Registro_120,Descripcion del registro 120,true
121,Registro_121,Descripcion del registro 121,true
122,Registro_122,Descripcion del registro 122,true
123,Registro_123,Descripcion del registro 123,true
124,Registro_124,Descripcion del registro 124,true
125,Registro_125,Descripcion del registro 125,true
126,Registro_126,Descripcion del registro 126,true
127,Registro_127,Descripcion del registro 127,true
128,Registro_128,Descripcion del registro 128,true
129,Registro_129,Descripcion del registro 129,true
130,Registro_130,Descripcion del registro 130,true
131,Registro_131,Descripcion del registro 131,true
132,Registro_132,Descripcion del registro 132,true
133,Registro_133,Descripcion del registro 133,true
134,Registro_134,Descripcion del registro 134,true
135,Registro_135,Descripcion del registro 135,true
136,Registro_136,Descripcion del registro 136,true
137,Registro_137,Descripcion del registro 137,true
138,Registro_138,Descripcion del registro 138,true
139,Registro_139,Descripcion del registro 139,true
140,Registro_140,Descripcion del registro 140,true
141,Registro_141,Descripcion del registro 141,true
142,Registro_142,Descripcion del registro 142,true
143,Registro_143,Descripcion del registro 143,true
144,Registro_144,Descripcion del registro 144,true
145,Registro_145,Descripcion del registro 145,true
146,Registro_146,Descripcion del registro 146,true
147,Registro_147,Descripcion del registro 147,true
148,Registro_148,Descripcion del registro 148,true
149,Registro_149,Descripcion del registro 149,true
150,Registro_150,Descripcion del registro 150,true
151,Registro_151,Descripcion del registro 151,true
152,Registro_152,Descripcion del registro 152,true
153,Registro_153,Descripcion del registro 153,true
154,Registro_154,Descripcion del registro 154,true
155,Registro_155,Descripcion del registro 155,true
156,Registro_156,Descripcion del registro 156,true
157,Registro_157,Descripcion del registro 157,true
158,Registro_158,Descripcion del registro 158,true
159,Registro_159,Descripcion del registro 159,true
160,Registro_160,Descripcion del registro 160,true
161,Registro_161,Descripcion del registro 161,true
162,Registro_162,Descripcion del registro 162,true
163,Registro_163,Descripcion del registro 163,true
164,Registro_164,Descripcion del registro 164,true
165,Registro_165,Descripcion del registro 165,true
166,Registro_166,Descripcion del registro 166,true
167,Registro_167,Descripcion del registro 167,true
168,Registro_168,Descripcion del registro 168,true
169,Registro_169,Descripcion del registro 169,true
170,Registro_170,Descripcion del registro 170,true
171,Registro_171,Descripcion del registro 171,true
172,Registro_172,Descripcion del registro 172,true
173,Registro_173,Descripcion del registro 173,true
174,Registro_174,Descripcion del registro 174,true
175,Registro_175,Descripcion del registro 175,true
176,Registro_176,Descripcion del registro 176,true
177,Registro_177,Descripcion del registro 177,true
178,Registro_178,Descripcion del registro 178,true
179,Registro_179,Descripcion del registro 179,true
180,Registro_180,Descripcion del registro 180,true
181,Registro_181,Descripcion del registro 181,true
182,Registro_182,Descripcion del registro 182,true
183,Registro_183,Descripcion del registro 183,true
184,Registro_184,Descripcion del registro 184,true
185,Registro_185,Descripcion del registro 185,true
186,Registro_186,Descripcion del registro 186,true
187,Registro_187,Descripcion del registro 187,true
188,Registro_188,Descripcion del registro 188,true
189,Registro_189,Descripcion del registro 189,true
190,Registro_190,Descripcion del registro 190,true
191,Registro_191,Descripcion del registro 191,true
192,Registro_192,Descripcion del registro 192,true
193,Registro_193,Descripcion del registro 193,true
194,Registro_194,Descripcion del registro 194,true
195,Registro_195,Descripcion del registro 195,true
196,Registro_196,Descripcion del registro 196,true
197,Registro_197,Descripcion del registro 197,true
198,Registro_198,Descripcion del registro 198,true
199,Registro_199,Descripcion del registro 199,true
200,Registro_200,Descripcion del registro 200,true
201,Registro_201,Descripcion del registro 201,true
202,Registro_202,Descripcion del registro 202,true
203,Registro_203,Descripcion del registro 203,true
204,Registro_204,Descripcion del registro 204,true
205,Registro_205,Descripcion del registro 205,true
206,Registro_206,Descripcion del registro 206,true
207,Registro_207,Descripcion del registro 207,true
208,Registro_208,Descripcion del registro 208,true
209,Registro_209,Descripcion del registro 209,true
210,Registro_210,Descripcion del registro 210,true
211,Registro_211,Descripcion del registro 211,true
212,Registro_212,Descripcion del registro 212,true
213,Registro_213,Descripcion del registro 213,true
214,Registro_214,Descripcion del registro 214,true
215,Registro_215,Descripcion del registro 215,true
216,Registro_216,Descripcion del registro 216,true
217,Registro_217,Descripcion del registro 217,true
218,Registro_218,Descripcion del registro 218,true
219,Registro_219,Descripcion del registro 219,true
220,Registro_220,Descripcion del registro 220,true
221,Registro_221,Descripcion del registro 221,true
222,Registro_222,Descripcion del registro 222,true
223,Registro_223,Descripcion del registro 223,true
224,Registro_224,Descripcion del registro 224,true
225,Registro_225,Descripcion del registro 225,true
226,Registro_226,Descripcion del registro 226,true
227,Registro_227,Descripcion del registro 227,true
228,Registro_228,Descripcion del registro 228,true
229,Registro_229,Descripcion del registro 229,true
230,Registro_230,Descripcion del registro 230,true
231,Registro_231,Descripcion del registro 231,true
232,Registro_232,Descripcion del registro 232,true
233,Registro_233,Descripcion del registro 233,true
234,Registro_234,Descripcion del registro 234,true
235,Registro_235,Descripcion del registro 235,true
236,Registro_236,Descripcion del registro 236,true
237,Registro_237,Descripcion del registro 237,true
238,Registro_238,Descripcion del registro 238,true
239,Registro_239,Descripcion del registro 239,true
240,Registro_240,Descripcion del registro 240,true
241,Registro_241,Descripcion del registro 241,true
242,Registro_242,Descripcion del registro 242,true
243,Registro_243,Descripcion del registro 243,true
244,Registro_244,Descripcion del registro 244,true
245,Registro_245,Descripcion del registro 245,true
246,Registro_246,Descripcion del registro 246,true
247,Registro_247,Descripcion del registro 247,true
248,Registro_248,Descripcion del registro 248,true
249,Registro_249,Descripcion del registro 249,true
250,Registro_250,Descripcion del registro 250,true
251,Registro_251,Descripcion del registro 251,true
252,Registro_252,Descripcion del registro 252,true
253,Registro_253,Descripcion del registro 253,true
254,Registro_254,Descripcion del registro 254,true
255,Registro_255,Descripcion del registro 255,true
256,Registro_256,Descripcion del registro 256,true
257,Registro_257,Descripcion del registro 257,true
258,Registro_258,Descripcion del registro 258,true
259,Registro_259,Descripcion del registro 259,true
260,Registro_260,Descripcion del registro 260,true
261,Registro_261,Descripcion del registro 261,true
262,Registro_262,Descripcion del registro 262,true
263,Registro_263,Descripcion del registro 263,true
264,Registro_264,Descripcion del registro 264,true
265,Registro_265,Descripcion del registro 265,true
266,Registro_266,Descripcion del registro 266,true
267,Registro_267,Descripcion del registro 267,true
268,Registro_268,Descripcion del registro 268,true
269,Registro_269,Descripcion del registro 269,true
270,Registro_270,Descripcion del registro 270,true
271,Registro_271,Descripcion del registro 271,true
272,Registro_272,Descripcion del registro 272,true
273,Registro_273,Descripcion del registro 273,true
274,Registro_274,Descripcion del registro 274,true
275,Registro_275,Descripcion del registro 275,true
276,Registro_276,Descripcion del registro 276,true
277,Registro_277,Descripcion del registro 277,true
278,Registro_278,Descripcion del registro 278,true
279,Registro_279,Descripcion del registro 279,true
280,Registro_280,Descripcion del registro 280,true
281,Registro_281,Descripcion del registro 281,true
282,Registro_282,Descripcion del registro 282,true
283,Registro_283,Descripcion del registro 283,true
284,Registro_284,Descripcion del registro 284,true
285,Registro_285,Descripcion del registro 285,true
286,Registro_286,Descripcion del registro 286,true
287,Registro_287,Descripcion del registro 287,true
288,Registro_288,Descripcion del registro 288,true
289,Registro_289,Descripcion del registro 289,true
290,Registro_290,Descripcion del registro 290,true
291,Registro_291,Descripcion del registro 291,true
292,Registro_292,Descripcion del registro 292,true
293,Registro_293,Descripcion del registro 293,true
294,Registro_294,Descripcion del registro 294,true
295,Registro_295,Descripcion del registro 295,true
296,Registro_296,Descripcion del registro 296,true
297,Registro_297,Descripcion del registro 297,true
298,Registro_298,Descripcion del registro 298,true
299,Registro_299,Descripcion del registro 299,true
300,Registro_300,Descripcion del registro 300,true
301,Registro_301,Descripcion del registro 301,true
302,Registro_302,Descripcion del registro 302,true
303,Registro_303,Descripcion del registro 303,true
304,Registro_304,Descripcion del registro 304,true
305,Registro_305,Descripcion del registro 305,true
306,Registro_306,Descripcion del registro 306,true
307,Registro_307,Descripcion del registro 307,true
308,Registro_308,Descripcion del registro 308,true
309,Registro_309,Descripcion del registro 309,true
310,Registro_310,Descripcion del registro 310,true
311,Registro_311,Descripcion del registro 311,true
312,Registro_312,Descripcion del registro 312,true
313,Registro_313,Descripcion del registro 313,true
314,Registro_314,Descripcion del registro 314,true
315,Registro_315,Descripcion del registro 315,true
316,Registro_316,Descripcion del registro 316,true
317,Registro_317,Descripcion del registro 317,true
318,Registro_318,Descripcion del registro 318,true
319,Registro_319,Descripcion del registro 319,true
320,Registro_320,Descripcion del registro 320,true
321,Registro_321,Descripcion del registro 321,true
322,Registro_322,Descripcion del registro 322,true
323,Registro_323,Descripcion del registro 323,true
324,Registro_324,Descripcion del registro 324,true
325,Registro_325,Descripcion del registro 325,true
326,Registro_326,Descripcion del registro 326,true
327,Registro_327,Descripcion del registro 327,true
328,Registro_328,Descripcion del registro 328,true
329,Registro_329,Descripcion del registro 329,true
330,Registro_330,Descripcion del registro 330,true
331,Registro_331,Descripcion del registro 331,true
332,Registro_332,Descripcion del registro 332,true
333,Registro_333,Descripcion del registro 333,true
334,Registro_334,Descripcion del registro 334,true
335,Registro_335,Descripcion del registro 335,true
336,Registro_336,Descripcion del registro 336,true
337,Registro_337,Descripcion del registro 337,true
338,Registro_338,Descripcion del registro 338,true
339,Registro_339,Descripcion del registro 339,true
340,Registro_340,Descripcion del registro 340,true
341,Registro_341,Descripcion del registro 341,true
342,Registro_342,Descripcion del registro 342,true
343,Registro_343,Descripcion del registro 343,true
344,Registro_344,Descripcion del registro 344,true
345,Registro_345,Descripcion del registro 345,true
346,Registro_346,Descripcion del registro 346,true
347,Registro_347,Descripcion del registro 347,true
348,Registro_348,Descripcion del registro 348,true
349,Registro_349,Descripcion del registro 349,true
350,Registro_350,Descripcion del registro 350,true
351,Registro_351,Descripcion del registro 351,true
352,Registro_352,Descripcion del registro 352,true
353,Registro_353,Descripcion del registro 353,true
354,Registro_354,Descripcion del registro 354,true
355,Registro_355,Descripcion del registro 355,true
356,Registro_356,Descripcion del registro 356,true
357,Registro_357,Descripcion del registro 357,true
358,Registro_358,Descripcion del registro 358,true
359,Registro_359,Descripcion del registro 359,true
360,Registro_360,Descripcion del registro 360,true
361,Registro_361,Descripcion del registro 361,true
362,Registro_362,Descripcion del registro 362,true
363,Registro_363,Descripcion del registro 363,true
364,Registro_364,Descripcion del registro 364,true
365,Registro_365,Descripcion del registro 365,true
366,Registro_366,Descripcion del registro 366,true
367,Registro_367,Descripcion del registro 367,true
368,Registro_368,Descripcion del registro 368,true
369,Registro_369,Descripcion del registro 369,true
370,Registro_370,Descripcion del registro 370,true
371,Registro_371,Descripcion del registro 371,true
372,Registro_372,Descripcion del registro 372,true
373,Registro_373,Descripcion del registro 373,true
374,Registro_374,Descripcion del registro 374,true
375,Registro_375,Descripcion del registro 375,true
376,Registro_376,Descripcion del registro 376,true
377,Registro_377,Descripcion del registro 377,true
378,Registro_378,Descripcion del registro 378,true
379,Registro_379,Descripcion del registro 379,true
380,Registro_380,Descripcion del registro 380,true
381,Registro_381,Descripcion del registro 381,true
382,Registro_382,Descripcion del registro 382,true
383,Registro_383,Descripcion del registro 383,true
384,Registro_384,Descripcion del registro 384,true
385,Registro_385,Descripcion del registro 385,true
386,Registro_386,Descripcion del registro 386,true
387,Registro_387,Descripcion del registro 387,true
388,Registro_388,Descripcion del registro 388,true
389,Registro_389,Descripcion del registro 389,true
390,Registro_390,Descripcion del registro 390,true
391,Registro_391,Descripcion del registro 391,true
392,Registro_392,Descripcion del registro 392,true
393,Registro_393,Descripcion del registro 393,true
394,Registro_394,Descripcion del registro 394,true
395,Registro_395,Descripcion del registro 395,true
396,Registro_396,Descripcion del registro 396,true
397,Registro_397,Descripcion del registro 397,true
398,Registro_398,Descripcion del registro 398,true
399,Registro_399,Descripcion del registro 399,true
400,Registro_400,Descripcion del registro 400,true
401,Registro_401,Descripcion del registro 401,true
402,Registro_402,Descripcion del registro 402,true
403,Registro_403,Descripcion del registro 403,true
404,Registro_404,Descripcion del registro 404,true
405,Registro_405,Descripcion del registro 405,true
406,Registro_406,Descripcion del registro 406,true
407,Registro_407,Descripcion del registro 407,true
408,Registro_408,Descripcion del registro 408,true
409,Registro_409,Descripcion del registro 409,true
410,Registro_410,Descripcion del registro 410,true
411,Registro_411,Descripcion del registro 411,true
412,Registro_412,Descripcion del registro 412,true
413,Registro_413,Descripcion del registro 413,true
414,Registro_414,Descripcion del registro 414,true
415,Registro_415,Descripcion del registro 415,true
416,Registro_416,Descripcion del registro 416,true
417,Registro_417,Descripcion del registro 417,true
418,Registro_418,Descripcion del registro 418,true
419,Registro_419,Descripcion del registro 419,true
420,Registro_420,Descripcion del registro 420,true
421,Registro_421,Descripcion del registro 421,true
422,Registro_422,Descripcion del registro 422,true
423,Registro_423,Descripcion del registro 423,true
424,Registro_424,Descripcion del registro 424,true
425,Registro_425,Descripcion del registro 425,true
426,Registro_426,Descripcion del registro 426,true
427,Registro_427,Descripcion del registro 427,true
428,Registro_428,Descripcion del registro 428,true
429,Registro_429,Descripcion del registro 429,true
430,Registro_430,Descripcion del registro 430,true
431,Registro_431,Descripcion del registro 431,true
432,Registro_432,Descripcion del registro 432,true
433,Registro_433,Descripcion del registro 433,true
434,Registro_434,Descripcion del registro 434,true
435,Registro_435,Descripcion del registro 435,true
436,Registro_436,Descripcion del registro 436,true
437,Registro_437,Descripcion del registro 437,true
438,Registro_438,Descripcion del registro 438,true
439,Registro_439,Descripcion del registro 439,true
440,Registro_440,Descripcion del registro 440,true
441,Registro_441,Descripcion del registro 441,true
442,Registro_442,Descripcion del registro 442,true
443,Registro_443,Descripcion del registro 443,true
444,Registro_444,Descripcion del registro 444,true
445,Registro_445,Descripcion del registro 445,true
446,Registro_446,Descripcion del registro 446,true
447,Registro_447,Descripcion del registro 447,true
448,Registro_448,Descripcion del registro 448,true
449,Registro_449,Descripcion del registro 449,true
450,Registro_450,Descripcion del registro 450,true
451,Registro_451,Descripcion del registro 451,true
452,Registro_452,Descripcion del registro 452,true
453,Registro_453,Descripcion del registro 453,true
454,Registro_454,Descripcion del registro 454,true
455,Registro_455,Descripcion del registro 455,true
456,Registro_456,Descripcion del registro 456,true
457,Registro_457,Descripcion del registro 457,true
458,Registro_458,Descripcion del registro 458,true
459,Registro_459,Descripcion del registro 459,true
460,Registro_460,Descripcion del registro 460,true
461,Registro_461,Descripcion del registro 461,true
462,Registro_462,Descripcion del registro 462,true
463,Registro_463,Descripcion del registro 463,true
464,Registro_464,Descripcion del registro 464,true
465,Registro_465,Descripcion del registro 465,true
466,Registro_466,Descripcion del registro 466,true
467,Registro_467,Descripcion del registro 467,true
468,Registro_468,Descripcion del registro 468,true
469,Registro_469,Descripcion del registro 469,true
470,Registro_470,Descripcion del registro 470,true
471,Registro_471,Descripcion del registro 471,true
472,Registro_472,Descripcion del registro 472,true
473,Registro_473,Descripcion del registro 473,true
474,Registro_474,Descripcion del registro 474,true
475,Registro_475,Descripcion del registro 475,true
476,Registro_476,Descripcion del registro 476,true
477,Registro_477,Descripcion del registro 477,true
478,Registro_478,Descripcion del registro 478,true
479,Registro_479,Descripcion del registro 479,true
480,Registro_480,Descripcion del registro 480,true
481,Registro_481,Descripcion del registro 481,true
482,Registro_482,Descripcion del registro 482,true
483,Registro_483,Descripcion del registro 483,true
484,Registro_484,Descripcion del registro 484,true
485,Registro_485,Descripcion del registro 485,true
486,Registro_486,Descripcion del registro 486,true
487,Registro_487,Descripcion del registro 487,true
488,Registro_488,Descripcion del registro 488,true
489,Registro_489,Descripcion del registro 489,true
490,Registro_490,Descripcion del registro 490,true
491,Registro_491,Descripcion del registro 491,true
492,Registro_492,Descripcion del registro 492,true
493,Registro_493,Descripcion del registro 493,true
494,Registro_494,Descripcion del registro 494,true
495,Registro_495,Descripcion del registro 495,true
496,Registro_496,Descripcion del registro 496,true
497,Registro_497,Descripcion del registro 497,true
498,Registro_498,Descripcion del registro 498,true
499,Registro_499,Descripcion del registro 499,true
500,Registro_500,Descripcion del registro 500,true
501,Registro_501,Descripcion del registro 501,true
502,Registro_502,Descripcion del registro 502,true
503,Registro_503,Descripcion del registro 503,true
504,Registro_504,Descripcion del registro 504,true
505,Registro_505,Descripcion del registro 505,true
506,Registro_506,Descripcion del registro 506,true
507,Registro_507,Descripcion del registro 507,true
508,Registro_508,Descripcion del registro 508,true
509,Registro_509,Descripcion del registro 509,true
510,Registro_510,Descripcion del registro 510,true
511,Registro_511,Descripcion del registro 511,true
512,Registro_512,Descripcion del registro 512,true
513,Registro_513,Descripcion del registro 513,true
514,Registro_514,Descripcion del registro 514,true
515,Registro_515,Descripcion del registro 515,true
516,Registro_516,Descripcion del registro 516,true
517,Registro_517,Descripcion del registro 517,true
518,Registro_518,Descripcion del registro 518,true
519,Registro_519,Descripcion del registro 519,true
520,Registro_520,Descripcion del registro 520,true
521,Registro_521,Descripcion del registro 521,true
522,Registro_522,Descripcion del registro 522,true
523,Registro_523,Descripcion del registro 523,true
524,Registro_524,Descripcion del registro 524,true
525,Registro_525,Descripcion del registro 525,true
526,Registro_526,Descripcion del registro 526,true
527,Registro_527,Descripcion del registro 527,true
528,Registro_528,Descripcion del registro 528,true
529,Registro_529,Descripcion del registro 529,true
530,Registro_530,Descripcion del registro 530,true
531,Registro_531,Descripcion del registro 531,true
532,Registro_532,Descripcion del registro 532,true
533,Registro_533,Descripcion del registro 533,true
534,Registro_534,Descripcion del registro 534,true
535,Registro_535,Descripcion del registro 535,true
536,Registro_536,Descripcion del registro 536,true
537,Registro_537,Descripcion del registro 537,true
538,Registro_538,Descripcion del registro 538,true
539,Registro_539,Descripcion del registro 539,true
540,Registro_540,Descripcion del registro 540,true
541,Registro_541,Descripcion del registro 541,true
542,Registro_542,Descripcion del registro 542,true
543,Registro_543,Descripcion del registro 543,true
544,Registro_544,Descripcion del registro 544,true
545,Registro_545,Descripcion del registro 545,true
546,Registro_546,Descripcion del registro 546,true
547,Registro_547,Descripcion del registro 547,true
548,Registro_548,Descripcion del registro 548,true
549,Registro_549,Descripcion del registro 549,true
550,Registro_550,Descripcion del registro 550,true
551,Registro_551,Descripcion del registro 551,true
552,Registro_552,Descripcion del registro 552,true
553,Registro_553,Descripcion del registro 553,true
554,Registro_554,Descripcion del registro 554,true
555,Registro_555,Descripcion del registro 555,true
556,Registro_556,Descripcion del registro 556,true
557,Registro_557,Descripcion del registro 557,true
558,Registro_558,Descripcion del registro 558,true
559,Registro_559,Descripcion del registro 559,true
560,Registro_560,Descripcion del registro 560,true
561,Registro_561,Descripcion del registro 561,true
562,Registro_562,Descripcion del registro 562,true
563,Registro_563,Descripcion del registro 563,true
564,Registro_564,Descripcion del registro 564,true
565,Registro_565,Descripcion del registro 565,true
566,Registro_566,Descripcion del registro 566,true
567,Registro_567,Descripcion del registro 567,true
568,Registro_568,Descripcion del registro 568,true
569,Registro_569,Descripcion del registro 569,true
570,Registro_570,Descripcion del registro 570,true
571,Registro_571,Descripcion del registro 571,true
572,Registro_572,Descripcion del registro 572,true
573,Registro_573,Descripcion del registro 573,true
574,Registro_574,Descripcion del registro 574,true
575,Registro_575,Descripcion del registro 575,true
576,Registro_576,Descripcion del registro 576,true
577,Registro_577,Descripcion del registro 577,true
578,Registro_578,Descripcion del registro 578,true
579,Registro_579,Descripcion del registro 579,true
580,Registro_580,Descripcion del registro 580,true
581,Registro_581,Descripcion del registro 581,true
582,Registro_582,Descripcion del registro 582,true
583,Registro_583,Descripcion del registro 583,true
584,Registro_584,Descripcion del registro 584,true
585,Registro_585,Descripcion del registro 585,true
586,Registro_586,Descripcion del registro 586,true
587,Registro_587,Descripcion del registro 587,true
588,Registro_588,Descripcion del registro 588,true
589,Registro_589,Descripcion del registro 589,true
590,Registro_590,Descripcion del registro 590,true
591,Registro_591,Descripcion del registro 591,true
592,Registro_592,Descripcion del registro 592,true
593,Registro_593,Descripcion del registro 593,true
594,Registro_594,Descripcion del registro 594,true
595,Registro_595,Descripcion del registro 595,true
596,Registro_596,Descripcion del registro 596,true
597,Registro_597,Descripcion del registro 597,true
598,Registro_598,Descripcion del registro 598,true
599,Registro_599,Descripcion del registro 599,true
600,Registro_600,Descripcion del registro 600,true
601,Registro_601,Descripcion del registro 601,true
602,Registro_602,Descripcion del registro 602,true
603,Registro_603,Descripcion del registro 603,true
604,Registro_604,Descripcion del registro 604,true
605,Registro_605,Descripcion del registro 605,true
606,Registro_606,Descripcion del registro 606,true
607,Registro_607,Descripcion del registro 607,true
608,Registro_608,Descripcion del registro 608,true
609,Registro_609,Descripcion del registro 609,true
610,Registro_610,Descripcion del registro 610,true
611,Registro_611,Descripcion del registro 611,true
612,Registro_612,Descripcion del registro 612,true
613,Registro_613,Descripcion del registro 613,true
614,Registro_614,Descripcion del registro 614,true
615,Registro_615,Descripcion del registro 615,true
616,Registro_616,Descripcion del registro 616,true
617,Registro_617,Descripcion del registro 617,true
618,Registro_618,Descripcion del registro 618,true
619,Registro_619,Descripcion del registro 619,true
620,Registro_620,Descripcion del registro 620,true
621,Registro_621,Descripcion del registro 621,true
622,Registro_622,Descripcion del registro 622,true
623,Registro_623,Descripcion del registro 623,true
624,Registro_624,Descripcion del registro 624,true
625,Registro_625,Descripcion del registro 625,true
626,Registro_626,Descripcion del registro 626,true
627,Registro_627,Descripcion del registro 627,true
628,Registro_628,Descripcion del registro 628,true
629,Registro_629,Descripcion del registro 629,true
630,Registro_630,Descripcion del registro 630,true
631,Registro_631,Descripcion del registro 631,true
632,Registro_632,Descripcion del registro 632,true
633,Registro_633,Descripcion del registro 633,true
634,Registro_634,Descripcion del registro 634,true
635,Registro_635,Descripcion del registro 635,true
636,Registro_636,Descripcion del registro 636,true
637,Registro_637,Descripcion del registro 637,true
638,Registro_638,Descripcion del registro 638,true
639,Registro_639,Descripcion del registro 639,true
640,Registro_640,Descripcion del registro 640,true
641,Registro_641,Descripcion del registro 641,true
642,Registro_642,Descripcion del registro 642,true
643,Registro_643,Descripcion del registro 643,true
644,Registro_644,Descripcion del registro 644,true
645,Registro_645,Descripcion del registro 645,true
646,Registro_646,Descripcion del registro 646,true
647,Registro_647,Descripcion del registro 647,true
648,Registro_648,Descripcion del registro 648,true
649,Registro_649,Descripcion del registro 649,true
650,Registro_650,Descripcion del registro 650,true
651,Registro_651,Descripcion del registro 651,true
652,Registro_652,Descripcion del registro 652,true
653,Registro_653,Descripcion del registro 653,true
654,Registro_654,Descripcion del registro 654,true
655,Registro_655,Descripcion del registro 655,true
656,Registro_656,Descripcion del registro 656,true
657,Registro_657,Descripcion del registro 657,true
658,Registro_658,Descripcion del registro 658,true
659,Registro_659,Descripcion del registro 659,true
660,Registro_660,Descripcion del registro 660,true
661,Registro_661,Descripcion del registro 661,true
662,Registro_662,Descripcion del registro 662,true
663,Registro_663,Descripcion del registro 663,true
664,Registro_664,Descripcion del registro 664,true
665,Registro_665,Descripcion del registro 665,true
666,Registro_666,Descripcion del registro 666,true
667,Registro_667,Descripcion del registro 667,true
668,Registro_668,Descripcion del registro 668,true
669,Registro_669,Descripcion del registro 669,true
670,Registro_670,Descripcion del registro 670,true
671,Registro_671,Descripcion del registro 671,true
672,Registro_672,Descripcion del registro 672,true
673,Registro_673,Descripcion del registro 673,true
674,Registro_674,Descripcion del registro 674,true
675,Registro_675,Descripcion del registro 675,true
676,Registro_676,Descripcion del registro 676,true
677,Registro_677,Descripcion del registro 677,true
678,Registro_678,Descripcion del registro 678,true
679,Registro_679,Descripcion del registro 679,true
680,Registro_680,Descripcion del registro 680,true
681,Registro_681,Descripcion del registro 681,true
682,Registro_682,Descripcion del registro 682,true
683,Registro_683,Descripcion del registro 683,true
684,Registro_684,Descripcion del registro 684,true
685,Registro_685,Descripcion del registro 685,true
686,Registro_686,Descripcion del registro 686,true
687,Registro_687,Descripcion del registro 687,true
688,Registro_688,Descripcion del registro 688,true
689,Registro_689,Descripcion del registro 689,true
690,Registro_690,Descripcion del registro 690,true
691,Registro_691,Descripcion del registro 691,true
692,Registro_692,Descripcion del registro 692,true
693,Registro_693,Descripcion del registro 693,true
694,Registro_694,Descripcion del registro 694,true
695,Registro_695,Descripcion del registro 695,true
696,Registro_696,Descripcion del registro 696,true
697,Registro_697,Descripcion del registro 697,true
698,Registro_698,Descripcion del registro 698,true
699,Registro_699,Descripcion del registro 699,true
700,Registro_700,Descripcion del registro 700,true
701,Registro_701,Descripcion del registro 701,true
702,Registro_702,Descripcion del registro 702,true
703,Registro_703,Descripcion del registro 703,true
704,Registro_704,Descripcion del registro 704,true
705,Registro_705,Descripcion del registro 705,true
706,Registro_706,Descripcion del registro 706,true
707,Registro_707,Descripcion del registro 707,true
708,Registro_708,Descripcion del registro 708,true
709,Registro_709,Descripcion del registro 709,true
710,Registro_710,Descripcion del registro 710,true
711,Registro_711,Descripcion del registro 711,true
712,Registro_712,Descripcion del registro 712,true
713,Registro_713,Descripcion del registro 713,true
714,Registro_714,Descripcion del registro 714,true
715,Registro_715,Descripcion del registro 715,true
716,Registro_716,Descripcion del registro 716,true
717,Registro_717,Descripcion del registro 717,true
718,Registro_718,Descripcion del registro 718,true
719,Registro_719,Descripcion del registro 719,true
720,Registro_720,Descripcion del registro 720,true
721,Registro_721,Descripcion del registro 721,true
722,Registro_722,Descripcion del registro 722,true
723,Registro_723,Descripcion del registro 723,true
724,Registro_724,Descripcion del registro 724,true
725,Registro_725,Descripcion del registro 725,true
726,Registro_726,Descripcion del registro 726,true
727,Registro_727,Descripcion del registro 727,true
728,Registro_728,Descripcion del registro 728,true
729,Registro_729,Descripcion del registro 729,true
730,Registro_730,Descripcion del registro 730,true
731,Registro_731,Descripcion del registro 731,true
732,Registro_732,Descripcion del registro 732,true
733,Registro_733,Descripcion del registro 733,true
734,Registro_734,Descripcion del registro 734,true
735,Registro_735,Descripcion del registro 735,true
736,Registro_736,Descripcion del registro 736,true
737,Registro_737,Descripcion del registro 737,true
738,Registro_738,Descripcion del registro 738,true
739,Registro_739,Descripcion del registro 739,true
740,Registro_740,Descripcion del registro 740,true
741,Registro_741,Descripcion del registro 741,true
742,Registro_742,Descripcion del registro 742,true
743,Registro_743,Descripcion del registro 743,true
744,Registro_744,Descripcion del registro 744,true
745,Registro_745,Descripcion del registro 745,true
746,Registro_746,Descripcion del registro 746,true
747,Registro_747,Descripcion del registro 747,true
748,Registro_748,Descripcion del registro 748,true
749,Registro_749,Descripcion del registro 749,true
750,Registro_750,Descripcion del registro 750,true
751,Registro_751,Descripcion del registro 751,true
752,Registro_752,Descripcion del registro 752,true
753,Registro_753,Descripcion del registro 753,true
754,Registro_754,Descripcion del registro 754,true
755,Registro_755,Descripcion del registro 755,true
756,Registro_756,Descripcion del registro 756,true
757,Registro_757,Descripcion del registro 757,true
758,Registro_758,Descripcion del registro 758,true
759,Registro_759,Descripcion del registro 759,true
760,Registro_760,Descripcion del registro 760,true
761,Registro_761,Descripcion del registro 761,true
762,Registro_762,Descripcion del registro 762,true
763,Registro_763,Descripcion del registro 763,true
764,Registro_764,Descripcion del registro 764,true
765,Registro_765,Descripcion del registro 765,true
766,Registro_766,Descripcion del registro 766,true
767,Registro_767,Descripcion del registro 767,true
768,Registro_768,Descripcion del registro 768,true
769,Registro_769,Descripcion del registro 769,true
770,Registro_770,Descripcion del registro 770,true
771,Registro_771,Descripcion del registro 771,true
772,Registro_772,Descripcion del registro 772,true
773,Registro_773,Descripcion del registro 773,true
774,Registro_774,Descripcion del registro 774,true
775,Registro_775,Descripcion del registro 775,true
776,Registro_776,Descripcion del registro 776,true
777,Registro_777,Descripcion del registro 777,true
778,Registro_778,Descripcion del registro 778,true
779,Registro_779,Descripcion del registro 779,true
780,Registro_780,Descripcion del registro 780,true
781,Registro_781,Descripcion del registro 781,true
782,Registro_782,Descripcion del registro 782,true
783,Registro_783,Descripcion del registro 783,true
784,Registro_784,Descripcion del registro 784,true
785,Registro_785,Descripcion del registro 785,true
786,Registro_786,Descripcion del registro 786,true
787,Registro_787,Descripcion del registro 787,true
788,Registro_788,Descripcion del registro 788,true
789,Registro_789,Descripcion del registro 789,true
790,Registro_790,Descripcion del registro 790,true
791,Registro_791,Descripcion del registro 791,true
792,Registro_792,Descripcion del registro 792,true
793,Registro_793,Descripcion del registro 793,true
794,Registro_794,Descripcion del registro 794,true
795,Registro_795,Descripcion del registro 795,true
796,Registro_796,Descripcion del registro 796,true
797,Registro_797,Descripcion del registro 797,true
798,Registro_798,Descripcion del registro 798,true
799,Registro_799,Descripcion del registro 799,true
800,Registro_800,Descripcion del registro 800,true
801,Registro_801,Descripcion del registro 801,true
802,Registro_802,Descripcion del registro 802,true
803,Registro_803,Descripcion del registro 803,true
804,Registro_804,Descripcion del registro 804,true
805,Registro_805,Descripcion del registro 805,true
806,Registro_806,Descripcion del registro 806,true
807,Registro_807,Descripcion del registro 807,true
808,Registro_808,Descripcion del registro 808,true
809,Registro_809,Descripcion del registro 809,true
810,Registro_810,Descripcion del registro 810,true
811,Registro_811,Descripcion del registro 811,true
812,Registro_812,Descripcion del registro 812,true
813,Registro_813,Descripcion del registro 813,true
814,Registro_814,Descripcion del registro 814,true
815,Registro_815,Descripcion del registro 815,true
816,Registro_816,Descripcion del registro 816,true
817,Registro_817,Descripcion del registro 817,true
818,Registro_818,Descripcion del registro 818,true
819,Registro_819,Descripcion del registro 819,true
820,Registro_820,Descripcion del registro 820,true
821,Registro_821,Descripcion del registro 821,true
822,Registro_822,Descripcion del registro 822,true
823,Registro_823,Descripcion del registro 823,true
824,Registro_824,Descripcion del registro 824,true
825,Registro_825,Descripcion del registro 825,true
826,Registro_826,Descripcion del registro 826,true
827,Registro_827,Descripcion del registro 827,true
828,Registro_828,Descripcion del registro 828,true
829,Registro_829,Descripcion del registro 829,true
830,Registro_830,Descripcion del registro 830,true
831,Registro_831,Descripcion del registro 831,true
832,Registro_832,Descripcion del registro 832,true
833,Registro_833,Descripcion del registro 833,true
834,Registro_834,Descripcion del registro 834,true
835,Registro_835,Descripcion del registro 835,true
836,Registro_836,Descripcion del registro 836,true
837,Registro_837,Descripcion del registro 837,true
838,Registro_838,Descripcion del registro 838,true
839,Registro_839,Descripcion del registro 839,true
840,Registro_840,Descripcion del registro 840,true
841,Registro_841,Descripcion del registro 841,true
842,Registro_842,Descripcion del registro 842,true
843,Registro_843,Descripcion del registro 843,true
844,Registro_844,Descripcion del registro 844,true
845,Registro_845,Descripcion del registro 845,true
846,Registro_846,Descripcion del registro 846,true
847,Registro_847,Descripcion del registro 847,true
848,Registro_848,Descripcion del registro 848,true
849,Registro_849,Descripcion del registro 849,true
850,Registro_850,Descripcion del registro 850,true
851,Registro_851,Descripcion del registro 851,true
852,Registro_852,Descripcion del registro 852,true
853,Registro_853,Descripcion del registro 853,true
854,Registro_854,Descripcion del registro 854,true
855,Registro_855,Descripcion del registro 855,true
856,Registro_856,Descripcion del registro 856,true
857,Registro_857,Descripcion del registro 857,true
858,Registro_858,Descripcion del registro 858,true
859,Registro_859,Descripcion del registro 859,true
860,Registro_860,Descripcion del registro 860,true
861,Registro_861,Descripcion del registro 861,true
862,Registro_862,Descripcion del registro 862,true
863,Registro_863,Descripcion del registro 863,true
864,Registro_864,Descripcion del registro 864,true
865,Registro_865,Descripcion del registro 865,true
866,Registro_866,Descripcion del registro 866,true
867,Registro_867,Descripcion del registro 867,true
868,Registro_868,Descripcion del registro 868,true
869,Registro_869,Descripcion del registro 869,true
870,Registro_870,Descripcion del registro 870,true
871,Registro_871,Descripcion del registro 871,true
872,Registro_872,Descripcion del registro 872,true
873,Registro_873,Descripcion del registro 873,true
874,Registro_874,Descripcion del registro 874,true
875,Registro_875,Descripcion del registro 875,true
876,Registro_876,Descripcion del registro 876,true
877,Registro_877,Descripcion del registro 877,true
878,Registro_878,Descripcion del registro 878,true
879,Registro_879,Descripcion del registro 879,true
880,Registro_880,Descripcion del registro 880,true
881,Registro_881,Descripcion del registro 881,true
882,Registro_882,Descripcion del registro 882,true
883,Registro_883,Descripcion del registro 883,true
884,Registro_884,Descripcion del registro 884,true
885,Registro_885,Descripcion del registro 885,true
886,Registro_886,Descripcion del registro 886,true
887,Registro_887,Descripcion del registro 887,true
888,Registro_888,Descripcion del registro 888,true
889,Registro_889,Descripcion del registro 889,true
890,Registro_890,Descripcion del registro 890,true
891,Registro_891,Descripcion del registro 891,true
892,Registro_892,Descripcion del registro 892,true
893,Registro_893,Descripcion del registro 893,true
894,Registro_894,Descripcion del registro 894,true
895,Registro_895,Descripcion del registro 895,true
896,Registro_896,Descripcion del registro 896,true
897,Registro_897,Descripcion del registro 897,true
898,Registro_898,Descripcion del registro 898,true
899,Registro_899,Descripcion del registro 899,true
900,Registro_900,Descripcion del registro 900,true
901,Registro_901,Descripcion del registro 901,true
902,Registro_902,Descripcion del registro 902,true
903,Registro_903,Descripcion del registro 903,true
904,Registro_904,Descripcion del registro 904,true
905,Registro_905,Descripcion del registro 905,true
906,Registro_906,Descripcion del registro 906,true
907,Registro_907,Descripcion del registro 907,true
908,Registro_908,Descripcion del registro 908,true
909,Registro_909,Descripcion del registro 909,true
910,Registro_910,Descripcion del registro 910,true
911,Registro_911,Descripcion del registro 911,true
912,Registro_912,Descripcion del registro 912,true
913,Registro_913,Descripcion del registro 913,true
914,Registro_914,Descripcion del registro 914,true
915,Registro_915,Descripcion del registro 915,true
916,Registro_916,Descripcion del registro 916,true
917,Registro_917,Descripcion del registro 917,true
918,Registro_918,Descripcion del registro 918,true
919,Registro_919,Descripcion del registro 919,true
920,Registro_920,Descripcion del registro 920,true
921,Registro_921,Descripcion del registro 921,true
922,Registro_922,Descripcion del registro 922,true
923,Registro_923,Descripcion del registro 923,true
924,Registro_924,Descripcion del registro 924,true
925,Registro_925,Descripcion del registro 925,true
926,Registro_926,Descripcion del registro 926,true
927,Registro_927,Descripcion del registro 927,true
928,Registro_928,Descripcion del registro 928,true
929,Registro_929,Descripcion del registro 929,true
930,Registro_930,Descripcion del registro 930,true
931,Registro_931,Descripcion del registro 931,true
932,Registro_932,Descripcion del registro 932,true
933,Registro_933,Descripcion del registro 933,true
934,Registro_934,Descripcion del registro 934,true
935,Registro_935,Descripcion del registro 935,true
936,Registro_936,Descripcion del registro 936,true
937,Registro_937,Descripcion del registro 937,true
938,Registro_938,Descripcion del registro 938,true
939,Registro_939,Descripcion del registro 939,true
940,Registro_940,Descripcion del registro 940,true
941,Registro_941,Descripcion del registro 941,true
942,Registro_942,Descripcion del registro 942,true
943,Registro_943,Descripcion del registro 943,true
944,Registro_944,Descripcion del registro 944,true
945,Registro_945,Descripcion del registro 945,true
946,Registro_946,Descripcion del registro 946,true
947,Registro_947,Descripcion del registro 947,true
948,Registro_948,Descripcion del registro 948,true
949,Registro_949,Descripcion del registro 949,true
950,Registro_950,Descripcion del registro 950,true
951,Registro_951,Descripcion del registro 951,true
952,Registro_952,Descripcion del registro 952,true
953,Registro_953,Descripcion del registro 953,true
954,Registro_954,Descripcion del registro 954,true
955,Registro_955,Descripcion del registro 955,true
956,Registro_956,Descripcion del registro 956,true
957,Registro_957,Descripcion del registro 957,true
958,Registro_958,Descripcion del registro 958,true
959,Registro_959,Descripcion del registro 959,true
960,Registro_960,Descripcion del registro 960,true
961,Registro_961,Descripcion del registro 961,true
962,Registro_962,Descripcion del registro 962,true
963,Registro_963,Descripcion del registro 963,true
964,Registro_964,Descripcion del registro 964,true
965,Registro_965,Descripcion del registro 965,true
966,Registro_966,Descripcion del registro 966,true
967,Registro_967,Descripcion del registro 967,true
968,Registro_968,Descripcion del registro 968,true
969,Registro_969,Descripcion del registro 969,true
970,Registro_970,Descripcion del registro 970,true
971,Registro_971,Descripcion del registro 971,true
972,Registro_972,Descripcion del registro 972,true
973,Registro_973,Descripcion del registro 973,true
974,Registro_974,Descripcion del registro 974,true
975,Registro_975,Descripcion del registro 975,true
976,Registro_976,Descripcion del registro 976,true
977,Registro_977,Descripcion del registro 977,true
978,Registro_978,Descripcion del registro 978,true
979,Registro_979,Descripcion del registro 979,true
980,Registro_980,Descripcion del registro 980,true
981,Registro_981,Descripcion del registro 981,true
982,Registro_982,Descripcion del registro 982,true
983,Registro_983,Descripcion del registro 983,true
984,Registro_984,Descripcion del registro 984,true
985,Registro_985,Descripcion del registro 985,true
986,Registro_986,Descripcion del registro 986,true
987,Registro_987,Descripcion del registro 987,true
988,Registro_988,Descripcion del registro 988,true
989,Registro_989,Descripcion del registro 989,true
990,Registro_990,Descripcion del registro 990,true
991,Registro_991,Descripcion del registro 991,true
992,Registro_992,Descripcion del registro 992,true
993,Registro_993,Descripcion del registro 993,true
994,Registro_994,Descripcion del registro 994,true
995,Registro_995,Descripcion del registro 995,true
996,Registro_996,Descripcion del registro 996,true
997,Registro_997,Descripcion del registro 997,true
998,Registro_998,Descripcion del registro 998,true
999,Registro_999,Descripcion del registro 999,true
1000,Registro_1000,Descripcion del registro 1000,true
